{"cameraMode":{"drawMode":0,"name":"Shaded","section":"Shading Mode"},"sceneLighting":false,"audioPlay":false,"sceneViewState":{"m_AlwaysRefresh":false,"showFog":true,"showSkybox":false,"showFlares":true,"showImageEffects":true,"showParticleSystems":true,"showVisualEffectGraphs":true,"m_FxEnabled":true},"in2DMode":false,"pivot":{"x":-3.0399999618530275,"y":4.930000305175781,"z":-4.590000152587891},"rotation":{"x":0.0024194722063839437,"y":0.8636524081230164,"z":-0.5040693879127502,"w":0.0041467733681201939},"size":7.341622829437256,"orthographic":false}